id;isbn;title;year;author
B-001;978-0132350884;Clean Code;2008;Robert C. Martin
B-002;978-0201633610;Design Patterns;1994;Erich Gamma
B-003;978-0131103627;The C Programming Language;1988;Brian Kernighan
B-004;978-0596007126;Head First Design Patterns;2004;Eric Freeman
B-005;978-0321125217;Domain-Driven Design;2003;Eric Evans
B-006;978-1491950357;Designing Data-Intensive Applications;2017;Martin Kleppmann
B-007;978-0134494166;Clean Architecture;2017;Robert C. Martin
B-008;978-1617294532;C# in Depth;2019;Jon Skeet
B-009;978-0735619678;Code Complete;2004;Steve McConnell
B-010;978-0321146533;Test Driven Development;2002;Kent Beck
B-011;978-0321278654;Extreme Programming;2004
B-012;;Книга без ISBN;2020;Невідомий
B-013;978-0000000000;Майбутнє століття;2999;Фантаст
B-014;978-1111111111;Зламана лінія
